--
-- PostgreSQL database dump
--

-- Dumped from database version 13.6
-- Dumped by pg_dump version 14.2

SET statement_timeout = 0;
SET lock_timeout = 0;
SET idle_in_transaction_session_timeout = 0;
SET client_encoding = 'UTF8';
SET standard_conforming_strings = on;
SELECT pg_catalog.set_config('search_path', '', false);
SET check_function_bodies = false;
SET xmloption = content;
SET client_min_messages = warning;
SET row_security = off;

--
-- Name: status; Type: TYPE; Schema: public; Owner: melchior_sbd
--

CREATE TYPE public.status AS ENUM (
    'pending',
    'accepted'
);


ALTER TYPE public.status OWNER TO melchior_sbd;

SET default_tablespace = '';

SET default_table_access_method = heap;

--
-- Name: items; Type: TABLE; Schema: public; Owner: melchior_sbd
--

CREATE TABLE public.items (
    id integer NOT NULL,
    userid integer NOT NULL,
    name text NOT NULL,
    quantity integer DEFAULT 0 NOT NULL,
    description text NOT NULL
);


ALTER TABLE public.items OWNER TO melchior_sbd;

--
-- Name: items_id_seq; Type: SEQUENCE; Schema: public; Owner: melchior_sbd
--

CREATE SEQUENCE public.items_id_seq
    AS integer
    START WITH 1
    INCREMENT BY 1
    NO MINVALUE
    NO MAXVALUE
    CACHE 1;


ALTER TABLE public.items_id_seq OWNER TO melchior_sbd;

--
-- Name: items_id_seq; Type: SEQUENCE OWNED BY; Schema: public; Owner: melchior_sbd
--

ALTER SEQUENCE public.items_id_seq OWNED BY public.items.id;


--
-- Name: transactions; Type: TABLE; Schema: public; Owner: melchior_sbd
--

CREATE TABLE public.transactions (
    id integer NOT NULL,
    quant_sent numeric DEFAULT 1 NOT NULL,
    receiverid integer NOT NULL,
    senderid integer NOT NULL,
    status public.status DEFAULT 'pending'::public.status NOT NULL,
    itemid integer NOT NULL
);


ALTER TABLE public.transactions OWNER TO melchior_sbd;

--
-- Name: transactions_id_seq; Type: SEQUENCE; Schema: public; Owner: melchior_sbd
--

CREATE SEQUENCE public.transactions_id_seq
    AS integer
    START WITH 1
    INCREMENT BY 1
    NO MINVALUE
    NO MAXVALUE
    CACHE 1;


ALTER TABLE public.transactions_id_seq OWNER TO melchior_sbd;

--
-- Name: transactions_id_seq; Type: SEQUENCE OWNED BY; Schema: public; Owner: melchior_sbd
--

ALTER SEQUENCE public.transactions_id_seq OWNED BY public.transactions.id;


--
-- Name: users; Type: TABLE; Schema: public; Owner: melchior_sbd
--

CREATE TABLE public.users (
    id integer NOT NULL,
    username text NOT NULL,
    password text NOT NULL
);


ALTER TABLE public.users OWNER TO melchior_sbd;

--
-- Name: users_id_seq; Type: SEQUENCE; Schema: public; Owner: melchior_sbd
--

CREATE SEQUENCE public.users_id_seq
    AS integer
    START WITH 1
    INCREMENT BY 1
    NO MINVALUE
    NO MAXVALUE
    CACHE 1;


ALTER TABLE public.users_id_seq OWNER TO melchior_sbd;

--
-- Name: users_id_seq; Type: SEQUENCE OWNED BY; Schema: public; Owner: melchior_sbd
--

ALTER SEQUENCE public.users_id_seq OWNED BY public.users.id;


--
-- Name: items id; Type: DEFAULT; Schema: public; Owner: melchior_sbd
--

ALTER TABLE ONLY public.items ALTER COLUMN id SET DEFAULT nextval('public.items_id_seq'::regclass);


--
-- Name: transactions id; Type: DEFAULT; Schema: public; Owner: melchior_sbd
--

ALTER TABLE ONLY public.transactions ALTER COLUMN id SET DEFAULT nextval('public.transactions_id_seq'::regclass);


--
-- Name: users id; Type: DEFAULT; Schema: public; Owner: melchior_sbd
--

ALTER TABLE ONLY public.users ALTER COLUMN id SET DEFAULT nextval('public.users_id_seq'::regclass);


--
-- Data for Name: items; Type: TABLE DATA; Schema: public; Owner: melchior_sbd
--

COPY public.items (id, userid, name, quantity, description) FROM stdin;
24	9	Laptop	50	Laptop dengan Spesifikasi
23	10	Laptop	48	Laptop dengan Spesifikasi
27	9	Laptop	50	Laptop dengan Spesifikasi
28	9	Laptop	50	Laptop dengan Spesifikasi
30	9	headset	10	headset gaming
32	10	pulpen	2	sarasa
33	10	ayam	0	ayam negri
\.


--
-- Data for Name: transactions; Type: TABLE DATA; Schema: public; Owner: melchior_sbd
--

COPY public.transactions (id, quant_sent, receiverid, senderid, status, itemid) FROM stdin;
26	50	9	10	accepted	23
27	2	10	10	accepted	23
28	2	9	10	pending	33
\.


--
-- Data for Name: users; Type: TABLE DATA; Schema: public; Owner: melchior_sbd
--

COPY public.users (id, username, password) FROM stdin;
9	melchior	$2b$10$UC/f0gJdwyj4dCs3NmoZwOa2RR23OawQRiiAfUO8bBsz9irZdyOC2
10	natthan	$2b$10$8VIFkJwcMYZ9pAc23xARb.F2DJF/uJZ/TFRygK2ojUDtWlbuG4qH2
\.


--
-- Name: items_id_seq; Type: SEQUENCE SET; Schema: public; Owner: melchior_sbd
--

SELECT pg_catalog.setval('public.items_id_seq', 33, true);


--
-- Name: transactions_id_seq; Type: SEQUENCE SET; Schema: public; Owner: melchior_sbd
--

SELECT pg_catalog.setval('public.transactions_id_seq', 28, true);


--
-- Name: users_id_seq; Type: SEQUENCE SET; Schema: public; Owner: melchior_sbd
--

SELECT pg_catalog.setval('public.users_id_seq', 10, true);


--
-- Name: items items_pkey; Type: CONSTRAINT; Schema: public; Owner: melchior_sbd
--

ALTER TABLE ONLY public.items
    ADD CONSTRAINT items_pkey PRIMARY KEY (id);


--
-- Name: transactions transactions_pkey; Type: CONSTRAINT; Schema: public; Owner: melchior_sbd
--

ALTER TABLE ONLY public.transactions
    ADD CONSTRAINT transactions_pkey PRIMARY KEY (id);


--
-- Name: users users_pkey; Type: CONSTRAINT; Schema: public; Owner: melchior_sbd
--

ALTER TABLE ONLY public.users
    ADD CONSTRAINT users_pkey PRIMARY KEY (id);


--
-- Name: users users_username_key; Type: CONSTRAINT; Schema: public; Owner: melchior_sbd
--

ALTER TABLE ONLY public.users
    ADD CONSTRAINT users_username_key UNIQUE (username);


--
-- Name: SCHEMA public; Type: ACL; Schema: -; Owner: azure_pg_admin
--

REVOKE ALL ON SCHEMA public FROM azuresu;
REVOKE ALL ON SCHEMA public FROM PUBLIC;
GRANT ALL ON SCHEMA public TO azure_pg_admin;
GRANT ALL ON SCHEMA public TO PUBLIC;


--
-- Name: FUNCTION pg_replication_origin_advance(text, pg_lsn); Type: ACL; Schema: pg_catalog; Owner: azuresu
--

GRANT ALL ON FUNCTION pg_catalog.pg_replication_origin_advance(text, pg_lsn) TO azure_pg_admin;


--
-- Name: FUNCTION pg_replication_origin_create(text); Type: ACL; Schema: pg_catalog; Owner: azuresu
--

GRANT ALL ON FUNCTION pg_catalog.pg_replication_origin_create(text) TO azure_pg_admin;


--
-- Name: FUNCTION pg_replication_origin_drop(text); Type: ACL; Schema: pg_catalog; Owner: azuresu
--

GRANT ALL ON FUNCTION pg_catalog.pg_replication_origin_drop(text) TO azure_pg_admin;


--
-- Name: FUNCTION pg_replication_origin_oid(text); Type: ACL; Schema: pg_catalog; Owner: azuresu
--

GRANT ALL ON FUNCTION pg_catalog.pg_replication_origin_oid(text) TO azure_pg_admin;


--
-- Name: FUNCTION pg_replication_origin_progress(text, boolean); Type: ACL; Schema: pg_catalog; Owner: azuresu
--

GRANT ALL ON FUNCTION pg_catalog.pg_replication_origin_progress(text, boolean) TO azure_pg_admin;


--
-- Name: FUNCTION pg_replication_origin_session_is_setup(); Type: ACL; Schema: pg_catalog; Owner: azuresu
--

GRANT ALL ON FUNCTION pg_catalog.pg_replication_origin_session_is_setup() TO azure_pg_admin;


--
-- Name: FUNCTION pg_replication_origin_session_progress(boolean); Type: ACL; Schema: pg_catalog; Owner: azuresu
--

GRANT ALL ON FUNCTION pg_catalog.pg_replication_origin_session_progress(boolean) TO azure_pg_admin;


--
-- Name: FUNCTION pg_replication_origin_session_reset(); Type: ACL; Schema: pg_catalog; Owner: azuresu
--

GRANT ALL ON FUNCTION pg_catalog.pg_replication_origin_session_reset() TO azure_pg_admin;


--
-- Name: FUNCTION pg_replication_origin_session_setup(text); Type: ACL; Schema: pg_catalog; Owner: azuresu
--

GRANT ALL ON FUNCTION pg_catalog.pg_replication_origin_session_setup(text) TO azure_pg_admin;


--
-- Name: FUNCTION pg_replication_origin_xact_reset(); Type: ACL; Schema: pg_catalog; Owner: azuresu
--

GRANT ALL ON FUNCTION pg_catalog.pg_replication_origin_xact_reset() TO azure_pg_admin;


--
-- Name: FUNCTION pg_replication_origin_xact_setup(pg_lsn, timestamp with time zone); Type: ACL; Schema: pg_catalog; Owner: azuresu
--

GRANT ALL ON FUNCTION pg_catalog.pg_replication_origin_xact_setup(pg_lsn, timestamp with time zone) TO azure_pg_admin;


--
-- Name: FUNCTION pg_show_replication_origin_status(OUT local_id oid, OUT external_id text, OUT remote_lsn pg_lsn, OUT local_lsn pg_lsn); Type: ACL; Schema: pg_catalog; Owner: azuresu
--

GRANT ALL ON FUNCTION pg_catalog.pg_show_replication_origin_status(OUT local_id oid, OUT external_id text, OUT remote_lsn pg_lsn, OUT local_lsn pg_lsn) TO azure_pg_admin;


--
-- Name: FUNCTION pg_stat_reset(); Type: ACL; Schema: pg_catalog; Owner: azuresu
--

GRANT ALL ON FUNCTION pg_catalog.pg_stat_reset() TO azure_pg_admin;


--
-- Name: FUNCTION pg_stat_reset_shared(text); Type: ACL; Schema: pg_catalog; Owner: azuresu
--

GRANT ALL ON FUNCTION pg_catalog.pg_stat_reset_shared(text) TO azure_pg_admin;


--
-- Name: FUNCTION pg_stat_reset_single_function_counters(oid); Type: ACL; Schema: pg_catalog; Owner: azuresu
--

GRANT ALL ON FUNCTION pg_catalog.pg_stat_reset_single_function_counters(oid) TO azure_pg_admin;


--
-- Name: FUNCTION pg_stat_reset_single_table_counters(oid); Type: ACL; Schema: pg_catalog; Owner: azuresu
--

GRANT ALL ON FUNCTION pg_catalog.pg_stat_reset_single_table_counters(oid) TO azure_pg_admin;


--
-- Name: COLUMN pg_config.name; Type: ACL; Schema: pg_catalog; Owner: azuresu
--

GRANT SELECT(name) ON TABLE pg_catalog.pg_config TO azure_pg_admin;


--
-- Name: COLUMN pg_config.setting; Type: ACL; Schema: pg_catalog; Owner: azuresu
--

GRANT SELECT(setting) ON TABLE pg_catalog.pg_config TO azure_pg_admin;


--
-- Name: COLUMN pg_hba_file_rules.line_number; Type: ACL; Schema: pg_catalog; Owner: azuresu
--

GRANT SELECT(line_number) ON TABLE pg_catalog.pg_hba_file_rules TO azure_pg_admin;


--
-- Name: COLUMN pg_hba_file_rules.type; Type: ACL; Schema: pg_catalog; Owner: azuresu
--

GRANT SELECT(type) ON TABLE pg_catalog.pg_hba_file_rules TO azure_pg_admin;


--
-- Name: COLUMN pg_hba_file_rules.database; Type: ACL; Schema: pg_catalog; Owner: azuresu
--

GRANT SELECT(database) ON TABLE pg_catalog.pg_hba_file_rules TO azure_pg_admin;


--
-- Name: COLUMN pg_hba_file_rules.user_name; Type: ACL; Schema: pg_catalog; Owner: azuresu
--

GRANT SELECT(user_name) ON TABLE pg_catalog.pg_hba_file_rules TO azure_pg_admin;


--
-- Name: COLUMN pg_hba_file_rules.address; Type: ACL; Schema: pg_catalog; Owner: azuresu
--

GRANT SELECT(address) ON TABLE pg_catalog.pg_hba_file_rules TO azure_pg_admin;


--
-- Name: COLUMN pg_hba_file_rules.netmask; Type: ACL; Schema: pg_catalog; Owner: azuresu
--

GRANT SELECT(netmask) ON TABLE pg_catalog.pg_hba_file_rules TO azure_pg_admin;


--
-- Name: COLUMN pg_hba_file_rules.auth_method; Type: ACL; Schema: pg_catalog; Owner: azuresu
--

GRANT SELECT(auth_method) ON TABLE pg_catalog.pg_hba_file_rules TO azure_pg_admin;


--
-- Name: COLUMN pg_hba_file_rules.options; Type: ACL; Schema: pg_catalog; Owner: azuresu
--

GRANT SELECT(options) ON TABLE pg_catalog.pg_hba_file_rules TO azure_pg_admin;


--
-- Name: COLUMN pg_hba_file_rules.error; Type: ACL; Schema: pg_catalog; Owner: azuresu
--

GRANT SELECT(error) ON TABLE pg_catalog.pg_hba_file_rules TO azure_pg_admin;


--
-- Name: COLUMN pg_replication_origin_status.local_id; Type: ACL; Schema: pg_catalog; Owner: azuresu
--

GRANT SELECT(local_id) ON TABLE pg_catalog.pg_replication_origin_status TO azure_pg_admin;


--
-- Name: COLUMN pg_replication_origin_status.external_id; Type: ACL; Schema: pg_catalog; Owner: azuresu
--

GRANT SELECT(external_id) ON TABLE pg_catalog.pg_replication_origin_status TO azure_pg_admin;


--
-- Name: COLUMN pg_replication_origin_status.remote_lsn; Type: ACL; Schema: pg_catalog; Owner: azuresu
--

GRANT SELECT(remote_lsn) ON TABLE pg_catalog.pg_replication_origin_status TO azure_pg_admin;


--
-- Name: COLUMN pg_replication_origin_status.local_lsn; Type: ACL; Schema: pg_catalog; Owner: azuresu
--

GRANT SELECT(local_lsn) ON TABLE pg_catalog.pg_replication_origin_status TO azure_pg_admin;


--
-- Name: COLUMN pg_shmem_allocations.name; Type: ACL; Schema: pg_catalog; Owner: azuresu
--

GRANT SELECT(name) ON TABLE pg_catalog.pg_shmem_allocations TO azure_pg_admin;


--
-- Name: COLUMN pg_shmem_allocations.off; Type: ACL; Schema: pg_catalog; Owner: azuresu
--

GRANT SELECT(off) ON TABLE pg_catalog.pg_shmem_allocations TO azure_pg_admin;


--
-- Name: COLUMN pg_shmem_allocations.size; Type: ACL; Schema: pg_catalog; Owner: azuresu
--

GRANT SELECT(size) ON TABLE pg_catalog.pg_shmem_allocations TO azure_pg_admin;


--
-- Name: COLUMN pg_shmem_allocations.allocated_size; Type: ACL; Schema: pg_catalog; Owner: azuresu
--

GRANT SELECT(allocated_size) ON TABLE pg_catalog.pg_shmem_allocations TO azure_pg_admin;


--
-- Name: COLUMN pg_statistic.starelid; Type: ACL; Schema: pg_catalog; Owner: azuresu
--

GRANT SELECT(starelid) ON TABLE pg_catalog.pg_statistic TO azure_pg_admin;


--
-- Name: COLUMN pg_statistic.staattnum; Type: ACL; Schema: pg_catalog; Owner: azuresu
--

GRANT SELECT(staattnum) ON TABLE pg_catalog.pg_statistic TO azure_pg_admin;


--
-- Name: COLUMN pg_statistic.stainherit; Type: ACL; Schema: pg_catalog; Owner: azuresu
--

GRANT SELECT(stainherit) ON TABLE pg_catalog.pg_statistic TO azure_pg_admin;


--
-- Name: COLUMN pg_statistic.stanullfrac; Type: ACL; Schema: pg_catalog; Owner: azuresu
--

GRANT SELECT(stanullfrac) ON TABLE pg_catalog.pg_statistic TO azure_pg_admin;


--
-- Name: COLUMN pg_statistic.stawidth; Type: ACL; Schema: pg_catalog; Owner: azuresu
--

GRANT SELECT(stawidth) ON TABLE pg_catalog.pg_statistic TO azure_pg_admin;


--
-- Name: COLUMN pg_statistic.stadistinct; Type: ACL; Schema: pg_catalog; Owner: azuresu
--

GRANT SELECT(stadistinct) ON TABLE pg_catalog.pg_statistic TO azure_pg_admin;


--
-- Name: COLUMN pg_statistic.stakind1; Type: ACL; Schema: pg_catalog; Owner: azuresu
--

GRANT SELECT(stakind1) ON TABLE pg_catalog.pg_statistic TO azure_pg_admin;


--
-- Name: COLUMN pg_statistic.stakind2; Type: ACL; Schema: pg_catalog; Owner: azuresu
--

GRANT SELECT(stakind2) ON TABLE pg_catalog.pg_statistic TO azure_pg_admin;


--
-- Name: COLUMN pg_statistic.stakind3; Type: ACL; Schema: pg_catalog; Owner: azuresu
--

GRANT SELECT(stakind3) ON TABLE pg_catalog.pg_statistic TO azure_pg_admin;


--
-- Name: COLUMN pg_statistic.stakind4; Type: ACL; Schema: pg_catalog; Owner: azuresu
--

GRANT SELECT(stakind4) ON TABLE pg_catalog.pg_statistic TO azure_pg_admin;


--
-- Name: COLUMN pg_statistic.stakind5; Type: ACL; Schema: pg_catalog; Owner: azuresu
--

GRANT SELECT(stakind5) ON TABLE pg_catalog.pg_statistic TO azure_pg_admin;


--
-- Name: COLUMN pg_statistic.staop1; Type: ACL; Schema: pg_catalog; Owner: azuresu
--

GRANT SELECT(staop1) ON TABLE pg_catalog.pg_statistic TO azure_pg_admin;


--
-- Name: COLUMN pg_statistic.staop2; Type: ACL; Schema: pg_catalog; Owner: azuresu
--

GRANT SELECT(staop2) ON TABLE pg_catalog.pg_statistic TO azure_pg_admin;


--
-- Name: COLUMN pg_statistic.staop3; Type: ACL; Schema: pg_catalog; Owner: azuresu
--

GRANT SELECT(staop3) ON TABLE pg_catalog.pg_statistic TO azure_pg_admin;


--
-- Name: COLUMN pg_statistic.staop4; Type: ACL; Schema: pg_catalog; Owner: azuresu
--

GRANT SELECT(staop4) ON TABLE pg_catalog.pg_statistic TO azure_pg_admin;


--
-- Name: COLUMN pg_statistic.staop5; Type: ACL; Schema: pg_catalog; Owner: azuresu
--

GRANT SELECT(staop5) ON TABLE pg_catalog.pg_statistic TO azure_pg_admin;


--
-- Name: COLUMN pg_statistic.stacoll1; Type: ACL; Schema: pg_catalog; Owner: azuresu
--

GRANT SELECT(stacoll1) ON TABLE pg_catalog.pg_statistic TO azure_pg_admin;


--
-- Name: COLUMN pg_statistic.stacoll2; Type: ACL; Schema: pg_catalog; Owner: azuresu
--

GRANT SELECT(stacoll2) ON TABLE pg_catalog.pg_statistic TO azure_pg_admin;


--
-- Name: COLUMN pg_statistic.stacoll3; Type: ACL; Schema: pg_catalog; Owner: azuresu
--

GRANT SELECT(stacoll3) ON TABLE pg_catalog.pg_statistic TO azure_pg_admin;


--
-- Name: COLUMN pg_statistic.stacoll4; Type: ACL; Schema: pg_catalog; Owner: azuresu
--

GRANT SELECT(stacoll4) ON TABLE pg_catalog.pg_statistic TO azure_pg_admin;


--
-- Name: COLUMN pg_statistic.stacoll5; Type: ACL; Schema: pg_catalog; Owner: azuresu
--

GRANT SELECT(stacoll5) ON TABLE pg_catalog.pg_statistic TO azure_pg_admin;


--
-- Name: COLUMN pg_statistic.stanumbers1; Type: ACL; Schema: pg_catalog; Owner: azuresu
--

GRANT SELECT(stanumbers1) ON TABLE pg_catalog.pg_statistic TO azure_pg_admin;


--
-- Name: COLUMN pg_statistic.stanumbers2; Type: ACL; Schema: pg_catalog; Owner: azuresu
--

GRANT SELECT(stanumbers2) ON TABLE pg_catalog.pg_statistic TO azure_pg_admin;


--
-- Name: COLUMN pg_statistic.stanumbers3; Type: ACL; Schema: pg_catalog; Owner: azuresu
--

GRANT SELECT(stanumbers3) ON TABLE pg_catalog.pg_statistic TO azure_pg_admin;


--
-- Name: COLUMN pg_statistic.stanumbers4; Type: ACL; Schema: pg_catalog; Owner: azuresu
--

GRANT SELECT(stanumbers4) ON TABLE pg_catalog.pg_statistic TO azure_pg_admin;


--
-- Name: COLUMN pg_statistic.stanumbers5; Type: ACL; Schema: pg_catalog; Owner: azuresu
--

GRANT SELECT(stanumbers5) ON TABLE pg_catalog.pg_statistic TO azure_pg_admin;


--
-- Name: COLUMN pg_statistic.stavalues1; Type: ACL; Schema: pg_catalog; Owner: azuresu
--

GRANT SELECT(stavalues1) ON TABLE pg_catalog.pg_statistic TO azure_pg_admin;


--
-- Name: COLUMN pg_statistic.stavalues2; Type: ACL; Schema: pg_catalog; Owner: azuresu
--

GRANT SELECT(stavalues2) ON TABLE pg_catalog.pg_statistic TO azure_pg_admin;


--
-- Name: COLUMN pg_statistic.stavalues3; Type: ACL; Schema: pg_catalog; Owner: azuresu
--

GRANT SELECT(stavalues3) ON TABLE pg_catalog.pg_statistic TO azure_pg_admin;


--
-- Name: COLUMN pg_statistic.stavalues4; Type: ACL; Schema: pg_catalog; Owner: azuresu
--

GRANT SELECT(stavalues4) ON TABLE pg_catalog.pg_statistic TO azure_pg_admin;


--
-- Name: COLUMN pg_statistic.stavalues5; Type: ACL; Schema: pg_catalog; Owner: azuresu
--

GRANT SELECT(stavalues5) ON TABLE pg_catalog.pg_statistic TO azure_pg_admin;


--
-- Name: COLUMN pg_subscription.oid; Type: ACL; Schema: pg_catalog; Owner: azuresu
--

GRANT SELECT(oid) ON TABLE pg_catalog.pg_subscription TO azure_pg_admin;


--
-- Name: COLUMN pg_subscription.subdbid; Type: ACL; Schema: pg_catalog; Owner: azuresu
--

GRANT SELECT(subdbid) ON TABLE pg_catalog.pg_subscription TO azure_pg_admin;


--
-- Name: COLUMN pg_subscription.subname; Type: ACL; Schema: pg_catalog; Owner: azuresu
--

GRANT SELECT(subname) ON TABLE pg_catalog.pg_subscription TO azure_pg_admin;


--
-- Name: COLUMN pg_subscription.subowner; Type: ACL; Schema: pg_catalog; Owner: azuresu
--

GRANT SELECT(subowner) ON TABLE pg_catalog.pg_subscription TO azure_pg_admin;


--
-- Name: COLUMN pg_subscription.subenabled; Type: ACL; Schema: pg_catalog; Owner: azuresu
--

GRANT SELECT(subenabled) ON TABLE pg_catalog.pg_subscription TO azure_pg_admin;


--
-- Name: COLUMN pg_subscription.subconninfo; Type: ACL; Schema: pg_catalog; Owner: azuresu
--

GRANT SELECT(subconninfo) ON TABLE pg_catalog.pg_subscription TO azure_pg_admin;


--
-- Name: COLUMN pg_subscription.subslotname; Type: ACL; Schema: pg_catalog; Owner: azuresu
--

GRANT SELECT(subslotname) ON TABLE pg_catalog.pg_subscription TO azure_pg_admin;


--
-- Name: COLUMN pg_subscription.subsynccommit; Type: ACL; Schema: pg_catalog; Owner: azuresu
--

GRANT SELECT(subsynccommit) ON TABLE pg_catalog.pg_subscription TO azure_pg_admin;


--
-- Name: COLUMN pg_subscription.subpublications; Type: ACL; Schema: pg_catalog; Owner: azuresu
--

GRANT SELECT(subpublications) ON TABLE pg_catalog.pg_subscription TO azure_pg_admin;


--
-- PostgreSQL database dump complete
--

